email,password,username
kbotly0@va.gov,7PjTdbiA,gdugan0
pfancutt1@google.com,GPa8aT,dbyford1
sseiffert2@topsy.com,jDEyYfmFE,ndrinan2
gbrussell3@gravatar.com,ZNPirs,lfauguel3
mhuband4@jugem.jp,MSjL8e,dohrtmann4
bgerrels5@pinterest.com,UqddXtiCGZI,uquinsee5
mgeleman6@dedecms.com,r8BR8iO,jciubutaro6
dlethlay7@dailymotion.com,JJYkNb,shalms7
vhogbin8@myspace.com,yYYcmQ,rmagister8
kkeppin9@ucla.edu,JAvD6Qh,tallwright9
mquaifa@pcworld.com,u6Q4rmVrs,hdemagearda
nworlidgeb@wix.com,rxWHbX3pp,gcuerb
flanmeidc@yelp.com,mekS4EESlmFl,tgallihawkc
jrandalsond@shareasale.com,ul4dtg,slambed
jblydene@huffingtonpost.com,3BNzuRNak0IH,epovalle
thenkmannf@icio.us,A90YauBb,ftorrejonf
mmccunng@usda.gov,J9VYYu,yludlg
psecretth@wikia.com,H9TwgNgBA,molennachainh
cluscombei@ucoz.ru,h6An8p7Qdwn,bfindleyi
lgherardellij@omniture.com,OZ0g2F2j,hollerj
syezafovichk@amazon.de,3vEBJb3ub,ilahrsk
lashbornel@so-net.ne.jp,cjiRT9,mmatskevichl
wlashmarm@mediafire.com,c48F52zWJh37,acroslandm
kgodainn@nps.gov,2QQxrHr,ljehann
jbeacomo@rakuten.co.jp,93OK20Es6mn,mclemoeso
dtorbetp@csmonitor.com,hueGRj0,eelstonp
mrummeryq@i2i.jp,M8daFOh,wgadieq
aboulstridger@issuu.com,Cd3Y7Iryv,lrudger
tdalesios@fda.gov,lzS6ejakYdsA,bgurnays
pwarehamt@wikimedia.org,aSCH821mM8X,cpoleyt
greadieu@imgur.com,fB9WzwN1i,pchafferu
ystaddomv@comsenz.com,JHfki1sP,kpolov
bdowderswellw@clickbank.net,ms3oqubgMoM,bmundfordw
mserrelsx@oracle.com,J5NEU4tVfIv6,jmacgillreichx
hgeorgoty@nhs.uk,xvPvcde3KD,lellingtony
apetroselliz@over-blog.com,WcKr5vwvW,amelrossz
bjack10@multiply.com,wyQLkXgtDTo,agoddertsf10
cminghella11@youku.com,akGwZWXNoolO,aiiannoni11
rbachshell12@loc.gov,POBnZIH,cmcmychem12
eoffill13@squidoo.com,PcZNgV,nivanenko13
klepruvost14@europa.eu,AAg5MQmpbI,kmessenbird14
mcreber15@wiley.com,sQZRewL,wlambot15
gleaver16@ning.com,O4AQwBhp,jcombes16
rbedo17@macromedia.com,dqolIbYWp36,mdignam17
pgarrique18@economist.com,OZeEA7xVTl,bdmitr18
erosenbush19@technorati.com,Da1Eia,kgallgher19
bpurviss1a@upenn.edu,SqilWY6,ccalltone1a
snatalie1b@goo.gl,AD6rZaXcA,grex1b
triche1c@furl.net,l6egjk7DOx60,dmanoch1c
ppawelczyk1d@aboutads.info,3ddOcNE,trowney1d
pduchateau1e@simplemachines.org,zhcLMqCZVJuT,sdefew1e
clanphere1f@cnbc.com,xRy47cBEW,rveazey1f
ucallum1g@apple.com,32SvsdU1dTn,icolcomb1g
isutor1h@weather.com,Xyzj0qBNc1av,ftee1h
lsomerlie1i@surveymonkey.com,iLnplUEoioa,etrappe1i
istute1j@imdb.com,UU00tBysm,zlulham1j
lbranwhite1k@chronoengine.com,QoU8tEuzEZrH,mpuleque1k
bfanstone1l@godaddy.com,vT4vZkb2CYr,ccaldicott1l
aspadollini1m@amazonaws.com,Mb6BJKxA,mwellen1m
tniven1n@techcrunch.com,MxqkC32B2sB6,emillhill1n
bportch1o@free.fr,UN9QnInAstT,lbainbridge1o
jtidmas1p@adobe.com,nDUVmlNSi,xbrideoke1p
gescreet1q@acquirethisname.com,F9m8gWyWjL5,acathersides1q
mportugal1r@about.com,rpvpWnMdU,cbusen1r
astickells1s@google.com.au,jmN7F5aJ,ltregian1s
rpritchitt1t@si.edu,a9HDTGAy8He,swillacot1t
emanes1u@engadget.com,ZzEntgB,thein1u
rpaybody1v@multiply.com,Q4ImOoRT06,nilyin1v
rdemaine1w@utexas.edu,8Mf8EXE,wparr1w
aparlour1x@bigcartel.com,OmAki6,cmcgeechan1x
cfolli1y@lycos.com,Uvvm2L,apadkin1y
lhaselgrove1z@ask.com,NvtdXWvpX,cvandenhoff1z
spetters20@va.gov,wI0wN7,rfraser20
fottosen21@princeton.edu,FIoRTAK4Y1iJ,fcostain21
tdreossi22@parallels.com,jNPkXtUVW,jbradick22
ckenton23@answers.com,hZKRoFoivJ,ggannicott23
oswindells24@whitehouse.gov,gFa0CLB,wedmondson24
cheintsch25@edublogs.org,3z2cwe,rmeffan25
kcesconi26@1und1.de,k7qlzCIR,lburnage26
mbruni27@ft.com,0WtXLQ0u,veberts27
rlucchi28@ezinearticles.com,MR1ekLM5gC17,lfosdyke28
cchevis29@sbwire.com,wuFH2BNtI,sclemente29
sborchardt2a@about.com,9ZMgqmFp,babson2a
elarmouth2b@networksolutions.com,36aSh2Z1MT,knettles2b
ddrains2c@vimeo.com,OCiGM0Ie2,aprovis2c
bjefferys2d@eventbrite.com,F3q784tbl,broose2d
obrierly2e@ning.com,6dHBa7litG,aney2e
ldominicacci2f@umn.edu,JiOGsLxg,lphilippard2f
kmassot2g@reuters.com,1kxxjKSN,kabrahim2g
tdefilippis2h@nbcnews.com,LaCRKU,kcaramuscia2h
khincham2i@taobao.com,nXKaiZ5sNDv8,hpiatto2i
tembery2j@nsw.gov.au,C8DSr0jpPr,fniblo2j
mblackborn2k@ow.ly,YTvUKi0,jambrosoli2k
sboatwright2l@typepad.com,ldEQqyg2H1ZQ,herskin2l
lpryor2m@time.com,V5H9NwbO,afaldoe2m
rduckers2n@mashable.com,Sgb1iGX1gx,btruelove2n
arenahan2o@miitbeian.gov.cn,D7PA7amYQ,sfrail2o
wbudnk2p@networksolutions.com,Pn0w12Z3gtQP,rsiemens2p
lsymonds2q@ustream.tv,94rcHy,rmuckle2q
sconochie2r@theguardian.com,TmfwDc5MXjt,rtremmil2r
arucklidge2s@china.com.cn,7wCboJYmyd,lstimpson2s
gmccrory2t@arstechnica.com,ANYT4EgT4B,jmatijevic2t
hcusick2u@merriam-webster.com,9GJ1dan,gowain2u
svarndell2v@paginegialle.it,7bxNDfMTgK,dbuer2v
gwelsby2w@jigsy.com,gkPwJxDBz,mhendonson2w
rrubinsohn2x@storify.com,sdQpLj5k,jbruinsma2x
cklemke2y@washington.edu,FhAWxRdxwA,mtringham2y
cdjekovic2z@usatoday.com,wyIS2z,blumpkin2z
ltussaine30@etsy.com,rjP7sP,kcoll30
kthorouggood31@gov.uk,oefFS8o,lbridgnell31
ssenner32@gmpg.org,fKlbWL6R1K,dridgway32
dfielding33@bravesites.com,XSDQ4vqVcHoZ,kserginson33
pcowdroy34@dagondesign.com,OJrROdNQB0Ut,emcginn34
kmcmylor35@samsung.com,QRrrNJb,kgallo35
onoble36@google.co.jp,2rcfwbIac2F,bmapston36
mgianinotti37@chicagotribune.com,0stCfw7h,bfairham37
oekell38@dyndns.org,7ER76bqJ,rbatalle38
jcolcutt39@blogspot.com,IuIANB,bvila39
jbye3a@tumblr.com,H0wYuCfM,gbarrar3a
aderrett3b@privacy.gov.au,YyyrbwDqwN,ldennistoun3b
wteall3c@icio.us,2EY7XA,afrunks3c
mragborne3d@nytimes.com,tWzrwYb1,clicquorish3d
vcettell3e@bbc.co.uk,OW8yDHJjq,ojosefer3e
khansana3f@typepad.com,wIBcTQEPR7x,tbraizier3f
bgroucock3g@twitpic.com,KwI8Z8,hjanicijevic3g
afinlay3h@t.co,6e0kc57RRq5,olawton3h
candrejs3i@trellian.com,Uc1ebTFwUX9,ekiessel3i
zbrereton3j@digg.com,KTeICEW2E,amoral3j
sdranfield3k@imgur.com,V6U2Czc5M,btees3k
vomar3l@vkontakte.ru,bB9WnzTlLa,obiggadyke3l
lluca3m@zdnet.com,xLUHlVGBkS8,bmcguiness3m
tspedroni3n@tiny.cc,PEEKuDBSJMHG,bliverock3n
kquiddington3o@sitemeter.com,8lJ7yjcgw,epinchbeck3o
cwormell3p@jimdo.com,7o62QIrz6i,nrapin3p
lgetley3q@nymag.com,pkETmlRNe,kmougel3q
cfoux3r@flickr.com,UjqLgK,dhendrichs3r
jphifer3s@mapquest.com,WJ4nDj,cmoulding3s
kroyce3t@github.com,Q3GxJe6Sa,hholdall3t
wdumbarton3u@tiny.cc,mazjQTmuV,zwelberry3u
afassman3v@sakura.ne.jp,ufM2CeofJ,kstallan3v
mcheyney3w@senate.gov,qwyMeDsFpN,csings3w
thuntly3x@paypal.com,MUmrenL,fmacconaghy3x
bgartin3y@globo.com,napKMgpzC,ckairns3y
wbinding3z@census.gov,qFqUkEq,dettels3z
tbernier40@boston.com,I5imBSZ,bpandey40
apetris41@squarespace.com,jr0bPqjg,oormond41
rgateland42@livejournal.com,tsrsaU,cconsterdine42
cbosse43@jiathis.com,TEQdye,bworms43
jvigours44@wiley.com,ZcQ6nbrJCMAt,ptreswell44
aaronow45@comcast.net,YI04Hmh39Q,ajacquet45
msivell46@themeforest.net,O2BYmi3b,bpitkeathly46
cohollegan47@virginia.edu,W0fTnd5,aeastridge47
mmilbourne48@nba.com,jVbu9Ppv,gmckeady48
wwegman49@imageshack.us,VX7zVpv8b,ppactat49
bmacnamee4a@wikimedia.org,KIDzJN9cTE,ajinkinson4a
srabley4b@redcross.org,Sgc3UmQ4JBB,dfolger4b
clemmen4c@berkeley.edu,nTKd0Bq,gbarme4c
bambroisin4d@elegantthemes.com,1tuhJa,mgedge4d
balekseicik4e@wsj.com,J8wmjxc,gjosilowski4e
apikesley4f@skyrock.com,NjswQMvL,ldalmon4f
pfeirn4g@globo.com,67GnK3vw8wsH,ndarrigoe4g
mbissett4h@dell.com,lavcmQfFWpi,kdavenport4h
hbelcham4i@upenn.edu,8TiX58Q,tsowerbutts4i
mskeates4j@arizona.edu,H3EMTjYxPokH,rconstantine4j
hkaplin4k@angelfire.com,JzDwVSQqsK,fhalksworth4k
cpenkethman4l@bizjournals.com,3bG2L3bK2L,borris4l
cdraisey4m@bravesites.com,kHZtOguqOVu3,afaye4m
tdeverille4n@discovery.com,7aUPJowfqX,cmatovic4n
dberrey4o@ucoz.ru,kpMh8Kb6,short4o
haleksic4p@loc.gov,lvMc1JSu,kcoursor4p
mroust4q@goo.ne.jp,vralAoTlHn,mmoules4q
dbidgood4r@dion.ne.jp,5aRNkfqOUS,edrohane4r
sgould4s@google.fr,gKSj9WcGo7E,jfrenzl4s
dstubbes4t@joomla.org,HRhJtqHnFPB,bcaro4t
ugascoine4u@stanford.edu,P2HYodn7QcR,amazin4u
gdeaton4v@deliciousdays.com,E317WxAd9,vshenton4v
rtanguy4w@bbc.co.uk,Jpxy8Iq551j,phowton4w
hstrephan4x@sciencedirect.com,s9e0ZJJOibRu,tsumpner4x
sserrels4y@auda.org.au,R5mGFS,oblakeborough4y
cdarragon4z@si.edu,EpMRc7l,kleatherborrow4z
londrusek50@oracle.com,C2AP4v,bcarlesi50
acarnock51@wiley.com,WEZy7oRdFYAv,bfomichyov51
ljarman52@nps.gov,XTe9PvHI4BDz,clukovic52
nrawet53@dailymail.co.uk,SXyVixvNrBn,bbenfield53
nsarney54@wikia.com,tfKq6Cu,tmannie54
lkeeting55@vistaprint.com,8OzrdYGhC,lhamel55
hhendriks56@nhs.uk,gxx6mk,wworld56
hannell57@unblog.fr,qxfgP2bocRB,pspincke57
vkennsley58@imdb.com,ZXyJGdZ7LXHy,edevorill58
tmacilraith59@house.gov,QMP5O2wul4Dm,tlinton59
graoul5a@meetup.com,oBwf3xfJ,tfisbey5a
ahughland5b@msn.com,jM02Wx,kbirth5b
cbrighty5c@privacy.gov.au,2SGZyMMcN,rtheodoris5c
jgontier5d@instagram.com,XQ82mEyhn,kblacker5d
ereford5e@canalblog.com,sRxLqCrTScB,mmcclean5e
kshellsheere5f@npr.org,TTKPih1w,marnley5f
ubilson5g@spotify.com,Xwkgl7,rwilliam5g
gbussetti5h@go.com,kFjlGJIBV,pguillem5h
mcalderon5i@google.ca,SmoclY,hbatters5i
rfranzotto5j@163.com,cuIVAytXk,tmerrett5j
gbugbird5k@creativecommons.org,W2U2HXCeQcQu,jkitchenman5k
beberle5l@reverbnation.com,6f4CFYS4,dartis5l
ffollett5m@xinhuanet.com,3FfLEAN,rlashbrook5m
dfenix5n@ted.com,MczlkdPgm0Nb,rabramchik5n
pkemmey5o@soundcloud.com,sVyZrVQFfz,dthal5o
tquincey5p@ocn.ne.jp,b103TGwF,mbedingfield5p
tcolquite5q@ucla.edu,LUOdnDwkth,dkettell5q
mporcas5r@unesco.org,ZES3g0jjcd,gkrollman5r
ktesche5s@qq.com,u2QLYWRx,ngorton5s
rfildery5t@theglobeandmail.com,TnUA5NHzG,croback5t
rgiacoppoli5u@joomla.org,czivKywFjW,jcourtenay5u
dneale5v@vk.com,gpqpKi17,etort5v
lpilcher5w@wsj.com,dhVyl8aBRFs,hbyron5w
fdewbury5x@sciencedirect.com,Ch4HnMZqbkW,rmacallan5x
fwilloway5y@exblog.jp,RNk6KWfeV,aferrea5y
mcrews5z@edublogs.org,xAhpXDhj9v,bgoncaves5z
dhartegan60@mtv.com,emtcIh,ltrotman60
rfilippello61@ucla.edu,5XG6ZcDQYIG,rcanadine61
dkittiman62@weibo.com,H7gpJM7fAn,bwerndly62
gteece63@istockphoto.com,doCF2nnl,tcaffin63
candreini64@bandcamp.com,xZsni1HMTb,bbilt64
bcondliffe65@sciencedaily.com,E7cMa4usFHxA,gsimonetto65
sblodgett66@cyberchimps.com,DsT2JZF47p,ahenden66
djiruca67@theglobeandmail.com,irXoo64,jnobes67
bhadlee68@behance.net,DfoQXF3ZDFe,cmardall68
ballam69@mtv.com,ahS5W8f9,nmackenney69
cprobate6a@acquirethisname.com,w3NBTcJrfx,ndahlen6a
aluck6b@mac.com,mZShM1k,ggiddens6b
atammadge6c@hhs.gov,FUuCEcKQ2,wluxon6c
agonnel6d@nasa.gov,1hbf5CmbFJ,jledwidge6d
wbenasik6e@i2i.jp,kRJMlsuW,lsturrock6e
tpedri6f@blogger.com,6VhgJ4rPLs0,ndarnell6f
bnovotni6g@parallels.com,ovd50w,parblaster6g
larboin6h@ebay.co.uk,hjKArZe,ccridge6h
bguwer6i@phoca.cz,rBYU5mft,chuyge6i
espiby6j@digg.com,f14nyt,oyaakov6j
schastney6k@washingtonpost.com,qzNiVNbcd,egillbee6k
kdefau6l@freewebs.com,5W9OoEeYaHV,kmorcomb6l
lbolte6m@facebook.com,YXLfVL,rlearoyd6m
lgriffen6n@cpanel.net,iWm0NqqiB,esayer6n
mvanner6o@yelp.com,tQ4aBjB6P,nlarvor6o
ovolett6p@mlb.com,If7PdlBs,jportingale6p
mhursthouse6q@exblog.jp,76FJaO9s0Ir,mpumphreys6q
smcilvenny6r@miitbeian.gov.cn,TI25Bmmy,cstanborough6r
sverchambre6s@dot.gov,QoZE9dFN,cbiskupski6s
tsnoday6t@accuweather.com,xKB7Aq,speaddie6t
kbrigden6u@people.com.cn,W0jn7vEW,mmallord6u
kpatience6v@dmoz.org,yb2q2nsXB,lhallgalley6v
ralldread6w@hugedomains.com,8bTzxLSakWxd,mdedomenico6w
llaughnan6x@google.cn,AsyNLciHcp,shawkswood6x
aredmond6y@independent.co.uk,bB9HtR8T,akuna6y
gwoodthorpe6z@qq.com,Jhd92yqdga,evanhault6z
hconor70@irs.gov,rRoSzBMMB,kjandl70
cfraczak71@netvibes.com,EWilR3aDJaM2,tclimie71
psarsfield72@bloglines.com,cohVxyiEsroA,ffrancois72
ldooman73@surveymonkey.com,m1IzbBhCtfXc,fhornung73
hmanion74@yellowpages.com,fr8OE5EtJl8,cboshier74
pflobert75@behance.net,wawbkARjv,wugoni75
cpeasgood76@livejournal.com,7IKHSRiXQ,gmussilli76
sfrewer77@godaddy.com,Or6Yt3Y5JQXn,laubri77
jdunn78@prlog.org,gzTTGI,sschouthede78
mmaclaine79@about.me,Ho7EFGUciC,dwolfindale79
emelville7a@walmart.com,zhAnoAv,gklement7a
djoannet7b@elegantthemes.com,9SWtPI,mfynes7b
iwhaymand7c@earthlink.net,2in42d,shorche7c
twestphalen7d@google.com.br,Jf7JS2V,jlindenstrauss7d
kshwenn7e@pen.io,DTcavxxJdM,dkiff7e
lvasilischev7f@cnbc.com,1roHMDw,amcgowan7f
eerrichiello7g@cdbaby.com,m07AuI,tnovotna7g
csells7h@opensource.org,JT7L3SrEj,bhacard7h
mharrismith7i@free.fr,hjkQBxCrj,ddopson7i
vzukierman7j@dot.gov,OqyZ8chS,rdossett7j
leastmead7k@taobao.com,2GO25kURw,kvolet7k
aruberry7l@ezinearticles.com,XlQOLn,wdomnick7l
dmonger7m@netvibes.com,qmQrvxE,hpetzolt7m
vgallymore7n@instagram.com,sDrANskO3X6,jmargram7n
elaugherane7o@sitemeter.com,V6ZEdQBd4,cveal7o
etilliards7p@mac.com,MwcEcwzoSFY,landrys7p
asumsion7q@surveymonkey.com,1q9aVubAbXg3,dquittonden7q
amccomas7r@booking.com,chSPOkLXKT,bchurchin7r
phinze7s@rediff.com,Ht7rfkhk,espicer7s
jblancowe7t@paypal.com,x2OInPRnKdvn,bwones7t
agamage7u@1und1.de,9Frt93k6K7JP,bshute7u
badamec7v@miibeian.gov.cn,BIzar0zpodr4,ckik7v
jlonghorne7w@csmonitor.com,TMr9Pt,dcadell7w
lcrudge7x@ebay.com,0hZoPTHZ3,tballinghall7x
mradclyffe7y@phoca.cz,ybVgoYy4vzWE,echristley7y
sstocking7z@sakura.ne.jp,TtbisVQSdeON,clongbone7z
mkennett80@icq.com,RLhlYX60,fpurvis80
gcranstone81@nbcnews.com,DDnERXSjE,jmerrikin81
pfawdry82@omniture.com,XDe0iJtSa,aleftbridge82
cbalfre83@amazon.com,BQzxEj7mC,klaise83
karthy84@harvard.edu,TBFpDKX,hwinterbourne84
mmattek85@tumblr.com,mEJMsUYd,jarrighi85
brosentholer86@hugedomains.com,lt0OvoHLEE1,emcall86
wport87@jugem.jp,3mnQ5jO0,bbartolacci87
nmanvell88@slate.com,bZaLQCXVS,gcrasford88
aketch89@cargocollective.com,g4GKR7,dcubin89
nvanshin8a@gov.uk,uAsCmEE,kwarder8a
fstudart8b@sakura.ne.jp,WlJHCxHru,dpolack8b
ylaborda8c@google.com.au,LEFDMnlir6eb,imerrifield8c
npaul8d@google.ru,oHxWgwa0T5,kdessant8d
sedensor8e@canalblog.com,o2PSYW0WZawu,sfraczak8e
ebrunetti8f@flavors.me,imOepmu9P88,avandenvelden8f
dellett8g@miibeian.gov.cn,qIE2Md1n1jM0,aalston8g
lericssen8h@issuu.com,772lfntM6,csteen8h
kogbourne8i@nydailynews.com,tOuC9V,dbedinn8i
sgasquoine8j@mlb.com,FoNi5bP,ajoska8j
jedds8k@ed.gov,Dmde9x,ebedbrough8k
bakam8l@disqus.com,AppRXAdt,efiggen8l
bgaucher8m@reverbnation.com,ZQDMoHfxdz,cbullar8m
rtraher8n@google.com,i9fUxFZLK,adonnell8n
bhousego8o@tinyurl.com,KTTZZygsyR6V,tbeeckx8o
gnajafian8p@seattletimes.com,X6N3vRTmKV,slyosik8p
gchampain8q@google.fr,87yAqGLL2zu,agosneye8q
pwroe8r@nydailynews.com,o1Fdi4pGNKG,shilliam8r
doddey8s@netlog.com,3VMGrV,fstote8s
cdineen8t@t.co,2HD5wwf4U9,acarragher8t
wbrownfield8u@surveymonkey.com,1A4p8AZe,jbenardette8u
rfaltskog8v@barnesandnoble.com,8E0hyCd,vobradane8v
ieggins8w@youku.com,2K42INdFTW,elemmertz8w
bcreebo8x@pinterest.com,lNLAb33fsIoH,tglidder8x
lcarreyette8y@mayoclinic.com,JCHlyPQhxU,gdonise8y
pmarcome8z@oaic.gov.au,jGh4CQpOd5mY,gdelnevo8z
daltree90@va.gov,8pzHdv2i,wwakerley90
nhows91@pinterest.com,RIy7d9FnnD,hovey91
wgraeser92@livejournal.com,0joQVS4,pcroot92
cbonder93@dmoz.org,qdQzgH,ygold93
jbunton94@mit.edu,uxr9Bn6JQzm,nbiskupiak94
ldunbobbin95@ebay.com,Y9Bd2cAOKN,eplace95
bbrazelton96@is.gd,7D2ijHh0VZ2A,soels96
ablackett97@tripadvisor.com,hjuuUt,dluttgert97
chiorn98@list-manage.com,Vz6ib1N,mbradmore98
bdecristofalo99@imageshack.us,lrSTf1q1,rshulver99
abrownell9a@hexun.com,4TPqYA4,scosely9a
aheffy9b@nps.gov,Ggq9gTCw,mdogg9b
cchalloner9c@prweb.com,YTR4GXT2,vdalesco9c
derskinesandys9d@baidu.com,JgaOWsLKmGz,ecolbron9d
rtommasi9e@shop-pro.jp,RBce5bGKTd,lmapother9e
vclinnick9f@telegraph.co.uk,SUJ4LILP,spiccard9f
khallan9g@simplemachines.org,iT0iWyTkQGIP,ffidoe9g
mspeight9h@china.com.cn,ybqd6w,etrengrouse9h
bwandrack9i@163.com,iPoVYqLTLQ,kheaslip9i
hcrickmoor9j@toplist.cz,cfJdHNTJlGY,dtebb9j
jridgers9k@noaa.gov,u1IXa7u6ljR,dmccrum9k
hbrandacci9l@phpbb.com,5GtnG8dh,cfirby9l
jthumann9m@pagesperso-orange.fr,KjQKNa,rwaycott9m
kpyser9n@ftc.gov,ngWufm,mschnieder9n
gmoxson9o@apache.org,HkoZpFcA0w,gleuren9o
xbosward9p@soup.io,84ERrMKhZ,aeasthope9p
kmccaffery9q@marketwatch.com,a6ZSTsb,khandover9q
tseivertsen9r@woothemes.com,lWZovPDgeNkv,bklimkiewich9r
dfishley9s@icio.us,noQiMrRZam,dnassau9s
dsee9t@issuu.com,S7V6k0,fbover9t
hmoney9u@drupal.org,howMyfM,mdelmage9u
jsnoxill9v@soup.io,M2MYDHn,cekkel9v
jdomenici9w@intel.com,hOZtBE4Ho9m,cjaneczek9w
smaccole9x@chicagotribune.com,kjD7kEby3,pchart9x
jdemullett9y@youtu.be,NF66nd5,smitham9y
etatlow9z@w3.org,doB0MYG9kuF,jgossage9z
hgarmana0@webs.com,s6tv4gCQNrI,aluebberta0
kwasielewskia1@wikimedia.org,eiCdElQIFq2,idoddrella1
lolennikova2@about.com,1IWCC7B,smintona2
cpentlowa3@psu.edu,MfoLrJF,ogerghera3
jhukinsa4@wufoo.com,eDgH9GXb,bmariota4
ehattera5@alexa.com,6ZKvpA,arubineka5
cferentza6@naver.com,RQ5Owwglyd,mridsdolea6
skarsha7@miibeian.gov.cn,4ETpqe585FJ,ywasiela7
tstockdalea8@ucla.edu,LfINt1q,clydstera8
smaltmana9@slashdot.org,4yecrec,tchallengera9
pjaneczekaa@facebook.com,NcdTNTZL1,dcaghyaa
ostutterab@ycombinator.com,7OqlaOcsK,kheinshab
hskeldonac@bbb.org,CggzwRJx533t,cgerrelsac
epressad@webeden.co.uk,pRRjt9NPZXxO,bwalburnad
vsloleyae@ustream.tv,nTws3TYVLr,nriseleyae
gdietmaraf@ebay.co.uk,aijZoQo,lsemouraf
jgisborneag@unesco.org,RRhmGYn,hcrosierag
jcampioneah@mashable.com,Kllf4p1BcSw,mmousleyah
poneleai@shop-pro.jp,y8nuBZV7jhMF,cmarinerai
nobrollachainaj@multiply.com,G09B1MkFlP,jmacquakeraj
byerburyak@boston.com,7FVGsye2,mbenazetak
bpalliseral@instagram.com,0gIjL2Pzez,rmarjanskial
cbrandinoam@slate.com,af3oBK1W4l,bvickeryam
cpallesenan@baidu.com,R8zDCu,metridgean
kmilhenchao@go.com,KR7pkADOW,hhaddlestonao
cleddyap@ovh.net,53wCkH6I,afoadap
mgowthorpeaq@opensource.org,vj7ZftOd,ptreadawayaq
smaliaar@prnewswire.com,N5MLgiuzxdd,msibbetar
bbuxeyas@google.ca,Znwd1y,wrapias
hwoollardat@spiegel.de,VjXwPZVa,lnickollsat
abloysau@marketwatch.com,MO8dR8Ow,oyurshevau
cstandbridgeav@theguardian.com,SmqVgAR,cchiccoav
skeithaw@histats.com,S7ivAgd,rgirschaw
lmunbyax@tiny.cc,76HuYmoYItIW,dmaffiottiax
tkirganay@bandcamp.com,dMhTJsl,agotheray
mmartusovaz@icio.us,3lAvooz,lcolgraveaz
klongmireb0@huffingtonpost.com,2P3xurOH,vhenricssonb0
tblenkinshipb1@indiegogo.com,WdugOZ,klealb1
crigebyb2@youtu.be,tzwSbZxKC2o,tcromeb2
ckeningleyb3@sphinn.com,8GulSYG6b51R,feayresb3
bburgiseb4@stanford.edu,sIorSky,rbaudoneb4
edimitrijevicb5@si.edu,rXCQV7L6,acamierb5
kwainscotb6@wsj.com,DRjdmCGPky,manthesb6
bbertenshawb7@usda.gov,IPjnRlHzUZ,mgreenalfb7
lgiuronb8@wordpress.org,VB39Uh1RdBE,atrillowb8
mewanb9@indiegogo.com,RIGbk6N,fmaddocksb9
acaplisba@columbia.edu,Fl1Ex2Qn9,dcartanba
jheliarbb@hubpages.com,SHERY7k6bZx,sraddenburybb
aduftonbc@jugem.jp,DfHYiKc7EqXV,apedrozzibc
slyddyardbd@over-blog.com,DKByaoy,ggodwynbd
glatorrebe@alibaba.com,MoONIgDL97jz,agerckebe
cmckerleybf@princeton.edu,pbRD0J9ptaa,cgowdiebf
bpatchettbg@washingtonpost.com,3ZfIH208c,rtrinbeybg
sgreenwaybh@whitehouse.gov,BTzF1eJ,hcosbeybh
amoanbi@dropbox.com,uxiYUKp711,apacquetbi
noleszkiewiczbj@weather.com,BO9OQoc4aHwn,mhamblettbj
sfinnimorebk@macromedia.com,ZoUWJx8Qso9D,asockellbk
nreamebl@google.ru,KpQH88bK6Khq,swoodroughbl
tvonderdellbm@comcast.net,dCIgaGGq4Z,ktreanorbm
gwillmotbn@mozilla.org,pu9PXmJl,fbrechbn
dgainsefordbo@guardian.co.uk,O1ariigJ3vm6,tjacklingbo
aelvishbp@upenn.edu,oAsShEksc,cbleazardbp
mhumphersonbq@zimbio.com,TGzVzcDuH,bhamflettbq
cangelinibr@pinterest.com,12957Ym,mdornanbr
clowybs@diigo.com,t0bZ91BQ,vcastreebs
csterriebt@lulu.com,iGnTrh,igamettbt
ltessingtonbu@liveinternet.ru,cmqPXD26Vu,jverrallsbu
jircebv@sphinn.com,36hg5Om,bcoilsbv
mzohrerbw@rakuten.co.jp,uISKiFsN,mharbardbw
ejamrowiczbx@stumbleupon.com,AXOmtepfGG,amccrillisbx
dgomesby@biglobe.ne.jp,ivnPVCvuzGwn,umachonby
lkellartbz@desdev.cn,y4IStbDaM,pspurgebz
amathec0@usa.gov,z1txhky,cgodingc0
istickfordc1@auda.org.au,jUSxghPR7,snansonc1
odimontc2@google.co.uk,ndj3WA,ilarosac2
hdarkerc3@upenn.edu,0hMMGygJ87g,wivashchenkoc3
btwiggsc4@unblog.fr,EqcJJV9Jr6pP,gleahyc4
cfidellic5@ustream.tv,6xlutc2c2x,djanoschekc5
pabsalomc6@issuu.com,HvOUztsr91rs,abricklebankc6
gpalfreec7@cbc.ca,3mLuNWXG,scowserc7
rrosengartc8@tinyurl.com,LfnjC9sV8,tsotworthc8
oturtlec9@exblog.jp,3fUxrp,mjaumec9
lwalkingshawca@cdbaby.com,wXkcaUZJW8,kfuscoca
lgammadecb@drupal.org,UeomYy,amcveecb
lonelecc@ow.ly,GbZvhMB,ftwedecc
bloundcd@free.fr,jRq73iS74sQ,arheaumecd
aodoghertyce@a8.net,WO5P1Qn,asounessce
slodercf@weebly.com,wIZUXnzxHljJ,ovassarcf
vspadaricg@123-reg.co.uk,pnb3Ky0j4e,kjadoscg
mravenscrofttch@usgs.gov,H1HQ22xkXe,bpaikech
bbollesci@fema.gov,SpVJpgAHq66,showeci
phallyburtoncj@goodreads.com,gBCYsSLO,gbordonecj
tcomleyck@friendfeed.com,qo4qTXl,sburnsidesck
ethreadercl@t.co,2l37vTWjHR5j,yivashnikovcl
eallamcm@issuu.com,qDiAfRZxRuvQ,zmougenelcm
wdobycn@posterous.com,QzU44ExY,macecn
adettmarco@twitter.com,ooC3vHn,dpordallco
bjonuzicp@smh.com.au,WQH7F8cGsnf,lcarpecp
bgrigorushkincq@google.it,GGLySyHH,cbrattellcq
ogregrcr@pagesperso-orange.fr,bbS635,rpickthorncr
grichingscs@taobao.com,Q3DGcUapxyd,ahoweycs
gdockseyct@bbb.org,MPm8Xsyz,nbroomect
icrossancu@printfriendly.com,6nww0r,bclayecu
grosscv@nih.gov,t0c8q9uO6xYe,mgattycv
cbignallcw@mail.ru,ksjVmvMcNCi,dhillingcw
gchallenercx@clickbank.net,KssFHf,tcastelletticx
sbessecy@cmu.edu,iSYm1gAFNjX,nfolkertscy
acollibercz@jimdo.com,uLKLw4sNoD,cvanderveldecz
jvanyakind0@gravatar.com,rvNdGVAn,harrod0
amolyneuxd1@icq.com,Pnp5VyyoMLLF,eheiferd1
emcwhinnied2@gnu.org,cUpvf3N2VXD3,tmylesd2
chousemand3@so-net.ne.jp,rR1IA2GCP,mjervisd3
cocurrand4@baidu.com,xyFUWIBfs2I,gpuddand4
bbiskupiakd5@twitter.com,wImgYQ,jhackletond5
agorewayd6@uol.com.br,34sQofaNRkp0,lbearwardd6
hsayled7@bbc.co.uk,JVylD1QHqR,cbonevantd7
rneved8@mlb.com,HQIbvY3i,mlawied8
sgregerd9@symantec.com,nK82cB,gdenisod9
bhowelsda@tripod.com,QXQ6H9GDk,tchansonnauda
jbellingerdb@indiegogo.com,VehQQa5Dp,ttindledb
kkochsdc@pcworld.com,JfDaRiz,bemertondc
pfurphydd@studiopress.com,TcFE84QLZrO,dduddridgedd
skeatsde@cnet.com,6MBjIh3vV,ktourmellde
mboorddf@trellian.com,Kr9dLv99TA,emarjotdf
esawooddg@domainmarket.com,h9rZ27Z,bdruittdg
edictdh@biblegateway.com,NgLILBIYRn,sjurasekdh
rsetondi@wix.com,Mu29Vvk,vgolthorppdi
jsevindj@state.gov,r8FduhlGvbdC,bblanckleydj
ffarredk@slashdot.org,keGtZHQ,fmcilhargadk
jgroucuttdl@comsenz.com,3qEf5t,jfernezdl
rhallibonedm@answers.com,gLJl1TlHCcB,dolivetodm
stronidn@blog.com,1GzCVNl,jdemendozadn
jshawcrossdo@people.com.cn,Wf0VUCAC,ddikledo
rdrucedp@sbwire.com,eHIB0gWq3uQx,tdaykindp
bbrobakdq@scientificamerican.com,L18JMDo9Kr,mgreenindq
esmyleydr@wikia.com,d8jX2RH14K8E,egalerodr
lstaceds@ameblo.jp,KP20jv,yivanetsds
dboomedt@ihg.com,3Fo55LCdqdV,dwilsheredt
acullernedu@netvibes.com,cRWpCk,ddalyieldu
pbalaisondv@uol.com.br,OtcdgJxketH,aclercdv
jmillwalldw@engadget.com,ctJlm4,ldurtneldw
twessondx@istockphoto.com,8wBB4hV12MJ,selgiedx
beickhoffdy@shareasale.com,5WtSyp4,kspadazzidy
wmyalldz@php.net,7sCwKAufe5,emorgandz
theadlande0@blogger.com,b4SPff8BnW,kswiffine0
kbollume1@tmall.com,mDZa6a,gjackwayse1
egawlere2@issuu.com,yQEMKZ,ebeadese2
mafonsoe3@nymag.com,OffAYRVh2,cmilwarde3
ephelane4@columbia.edu,bbAGY8icwNSj,tplake4
lcharmane5@archive.org,Djm65h,mmusharte5
glynnitte6@google.nl,eyDv7kDb,gjerremse6
gbobasche7@huffingtonpost.com,SVhU3UCysmyP,ssharkeye7
dmacfadzane8@loc.gov,swe17pK,isaphire8
cashfielde9@dedecms.com,1QxMHvB5,fmaudlinge9
kjuzekea@harvard.edu,n96zjR8BTV,hchampea
cyurocjkineb@yelp.com,qBpskr,ccurbishleyeb
apeleec@google.com,tBKdDu,wspiresec
cplumptreed@usgs.gov,v12AYoLJN,mantoniased
afiggee@auda.org.au,OiCfEH8TLR,lspellaceyee
bduffynef@go.com,VrWslApn,ktowseyef
nswanbourneeg@dailymotion.com,IvLTA0dDHGWS,zselfeg
tvasilchikoveh@wp.com,9f1jprM0,jproppereh
bbriarei@yale.edu,RrsVKTHwxk4i,kcrottyei
bbullimoreej@phoca.cz,w6cA7Rh,dgilchrestej
laloshikinek@adobe.com,qzWtdUmsb8d4,alisek
lkirdschel@gravatar.com,wJOJHf,yshirtel
bsiaspinskiem@sciencedirect.com,t9JVHF0W3,neslieem
btomensonen@github.com,G0XF0HIWdZ9V,jfardoeen
dasalseo@weibo.com,CsrHFKlz1cl,dpagnineo
uomaraep@hhs.gov,jJ4gHA,phuygheep
ssneleq@umich.edu,YAvWRv,cdoohaneq
lsunmaner@woothemes.com,6A5s0s5xU,dgreenroaer
cosheaes@bluehost.com,1KSXnWiuPm,mhallowayes
rzanucioliiet@cyberchimps.com,na2JVNXFJt,rcammiemileet
irozeeu@wikipedia.org,BGCJNgg63h,llomondeu
ydewfallev@yolasite.com,SFFxsN,udanihelev
plethardyew@statcounter.com,knQJLjjGZAL,tclowneyew
mcatonnetex@ucoz.ru,ZnVB9geGdmZ,sphillipex
dyounghusbandey@tiny.cc,iyHLTf6tveve,jmanueleey
groacheez@house.gov,VYYCsjL9a,lschreinerez
fcreeganf0@com.com,w8Mn7ieE,ksaltsbergf0
stittaf1@washington.edu,foS3aM9b7uh,rjurkiewiczf1
adomekf2@yale.edu,E8Umglt,iwarfieldf2
idradeyf3@jimdo.com,06ZLYA8a7blQ,mwalkeyf3
cgirtinf4@google.ru,sQqvcV,mcheyennef4
stremellanf5@thetimes.co.uk,HcTktW2v5F,wwastallf5
akerblerf6@salon.com,CpkTJnScTP,davrahamianf6
mbeeresf7@gnu.org,L7NMRM9,mmitchellf7
cmaccorkellf8@wsj.com,A0vMZH,daulettaf8
vvatcherf9@desdev.cn,UD8vnB,lelcocksf9
kpendergrastfa@deviantart.com,d4iYeDR,jadamovitzfa
mvynollfb@dmoz.org,0HxL0G,jkremerfb
kmacfadzeanfc@g.co,gExw7QgXdbjq,ggarlingfc
mwhitwellfd@linkedin.com,XsZCstabOB,nstephensfd
wbertomeufe@ycombinator.com,1fNy95xY,gfearnyoughfe
nbuxceyff@t.co,kOcKupQiU1B,bgrummittff
achalonerfg@ibm.com,aEnfU3ywU2Eb,gcreanfg
sprestiefh@spiegel.de,sJ2blpDnPZ,aschubuserfh
rcouserfi@shop-pro.jp,zXTHtw,sromaninifi
bhelstripfj@nymag.com,Wtu6VbojDh,tshardfj
byorstonfk@jalbum.net,BYn6Q4wET7,dwenhamfk
mbeathemfl@usatoday.com,WkrOuhqLao,wtitcomfl
mmummfm@timesonline.co.uk,ZwORla4nE,wleasefm
tquarriefn@skype.com,yp4b6lFV91eo,lbahlmannfn
daguilarfo@cdbaby.com,8Z4ivp9OV,cduchanfo
acubbitfp@cbsnews.com,RJ42PENWr,hkainesfp
screminsfq@dagondesign.com,eZlHwS,ldeddenfq
amothersolefr@symantec.com,1r11P3Ab,lpucknellfr
shatherleyfs@jugem.jp,n6BRabC,mharsfs
baskamft@unicef.org,xP0bIpSgVGV,agouckft
zetoilefu@engadget.com,Y3P7mH4wB,rhastefu
ehallsworthfv@kickstarter.com,1Zf0N3Iu0kCj,lbleddonfv
bclemmeyfw@salon.com,52fmle,gpilleyfw
dbaudouxfx@clickbank.net,C2R5kWW2,vroyansfx
keitefy@spiegel.de,hhRfMUS,ofritzfy
boldroydefz@wikia.com,3upIZLaa,ecostainfz
acarthyg0@privacy.gov.au,beUxGqSlMvcu,amckennag0
aivakhnovg1@nymag.com,P1B2Gh6J3d,raucuttg1
jbergg2@jimdo.com,6nlye1A,dmillicang2
jmonshallg3@mit.edu,ab3bs5gA,zcannellg3
cleggg4@wufoo.com,bcEwZ94oWAl,bpotteng4
abernasekg5@cam.ac.uk,XqzXEI,dredferneg5
etyroneg6@linkedin.com,z0Y5LrO7MU,sferentzg6
kfrankhamg7@dell.com,b7GICZ,dplomg7
sbaglowg8@patch.com,UDQiWg,bscougalg8
ksebleyg9@google.fr,GdbRNuv,apurdeyg9
mhucklesbyga@google.com.hk,C1wl0N,akrysiakga
formstongb@posterous.com,olaBk0MC,ckilfeathergb
schampkengc@cnet.com,qWidq2er0,swesthoffgc
gstilegd@ask.com,b2NzvTbO3xw,rknapmangd
lglozmange@amazon.co.uk,b2k7PiQzBgaq,dgiblinge
tkerigf@wikipedia.org,gWNXkF0ZM,igravestongf
tlongdongg@istockphoto.com,PVEcOgczrJ,cskittrealgg
fstubbingsgh@answers.com,xDzqMJxT,gwannellgh
bplayhillgi@altervista.org,NnDdEz1fge,ladolfsongi
crivalgj@seattletimes.com,PeUKER,cwyssgj
imarkovichgk@google.com,7fFQe8LL,gkanzlergk
wlukasengl@csmonitor.com,YHqocNm,ydoyleygl
jdineengm@harvard.edu,loMRVa0,scransongm
eemerinegn@reference.com,VF07bVTc5,grubinivitzgn
bfishburngo@flavors.me,600a0LdZT,egurneygo
gmconiegp@economist.com,BYttHpFXRE4O,lbamlinggp
jhowsangq@jugem.jp,gLdmAQ,tramelotgq
achallicegr@parallels.com,yMbByK,rgiacovelligr
akurtongs@msn.com,t4CaKU1RN9sz,dpitneygs
boldcroftgt@gizmodo.com,7wQWU87OhPGO,mcarwithengt
dwillmoregu@springer.com,PBKMmiI17,phegelgu
snewinggv@goo.ne.jp,VQVgIZ4LAkL,rshottergv
mfillisgw@usa.gov,2EB7yp4MGpZ,mdaymondgw
oathowegx@vinaora.com,WjGGQl,kpudseygx
ypillingergy@drupal.org,V6BKxIf5B,aogavingy
tportsmouthgz@twitpic.com,ml45gXJSxrbA,lokinedygz
gmarleh0@a8.net,tT1LP5Lr,epontefracth0
bwedgbrowh1@army.mil,0HNnD1,ftempleh1
egriolih2@whitehouse.gov,PUacvbX,dtaschh2
mlatorreh3@seattletimes.com,xcfvDe9j5aw2,kdeguiseh3
jdutth4@plala.or.jp,D8D2wsg3,tfarrierh4
kmabonh5@smugmug.com,RXhPBL,kmoraledah5
gluardh6@google.co.jp,PwmumhtEU8L,aheinekenh6
bmacaleeseh7@yahoo.com,YNXraBwY1qx,fmacknishh7
ishapterh8@time.com,vRSRjJn2g,wfrunksh8
wcallfh9@github.com,auyR2r7TaKQ,ctungayh9
llelandha@weibo.com,C4AEyeZKgM,lbooijha
kabramoviczhb@paypal.com,2oX20Im4qEO,cferrashb
ebarringtonhc@creativecommons.org,saGMZr6F,amolyneauxhc
kdoutchhd@wikispaces.com,13Fhiu945eyy,mgavenhd
bhewlingshe@foxnews.com,Myf73z,anazarethhe
kgadiehf@rediff.com,GCsaQsac,ggreensethf
hmacfadinhg@wikia.com,KWXDMM,gbaldreehg
chankinsonhh@1688.com,MZ67VG4,fcameliahh
bwakleyhi@time.com,CcfeOwmvYMGo,mguyshi
jortashj@baidu.com,IoCnbPJf1YDo,wmanushj
apetohk@spiegel.de,3cwUuT44Gjq6,ghissiehk
aarpinhl@cloudflare.com,qlXzNISTTW,tclapsonhl
rburleshm@washington.edu,nQmIxMpRna,ldanieluthm
svinehn@goodreads.com,ZjFQtFT,bsextihn
ljenicekho@weibo.com,azNZ7Xqwbq,lpykermanho
rgarralshp@zdnet.com,wGJcbNkhM,gmccollumhp
doshesnanhq@ucsd.edu,jinPeESTuQpf,lnazarethhq
bpietronihr@discovery.com,Bc9VN9g6,cnapperhr
ctuckhs@constantcontact.com,sdR8jptVA,mmusgrovehs
mchatellht@tmall.com,Bjd30N,fdutchburnht
dstorrierhu@facebook.com,3AtyHexOW9,dfollihu
bmcneilliehv@unblog.fr,9EzDxNcMt0wf,jwarrickerhv
kpetrillohw@wunderground.com,G8yRZJq6K,rluneyhw
dsweetenhamhx@weather.com,WW4FWmgDDFz,acreeganhx
hpealinghy@state.tx.us,fiVk4ObCjPFA,lmaccrachenhy
wdarguehz@utexas.edu,2zsTpT,znicklinhz
azecchiii0@unesco.org,1tsLkwkTX,zalmacki0
bsandomi1@free.fr,F5TMXdLt,irummini1
mneesoni2@bloglines.com,6h8Qgz,gwreighti2
ryoudei3@answers.com,h3ucUGb,bgarnetti3
bmulhilli4@utexas.edu,H2dgQkZx8jub,kbowringi4
aantonionii5@newsvine.com,K2Ep33,dpassioni5
atraheri6@msu.edu,4VTIJb,gyoakleyi6
rlamlini7@issuu.com,rEIC6vJC6,staintoni7
hdienesi8@studiopress.com,9RDaFXpy90x9,mschwiesoi8
neyckeli9@sciencedaily.com,uurOGU,plarkworthyi9
lswaloweia@fotki.com,RxcdGgWH,jruxtonia
kwharmbyib@amazonaws.com,dAA73jEhQu91,adyosib
posheaic@yellowbook.com,R7UdDijayGl,rmaragaic
msparroweid@a8.net,GCMZEL6FVU8,ifeehelyid
lcrambieie@ameblo.jp,N30CQQ,binsallie
ksimonetonif@statcounter.com,etE0D0WVj,mastletif
gembyig@w3.org,bXvahy,rwinyardig
ccavilih@ucoz.com,Z6kO3WQ,dbaudinsih
reverexii@cdbaby.com,NYozenUnERum,gbeekeii
ssedmanij@altervista.org,K2EsTYsSh,alowesij
nstraunik@scientificamerican.com,pUzJsJ3,dvossik
nwareil@technorati.com,NRouKmCGtYyI,caugustinil
iskittim@geocities.jp,X6xfPcS1zEAy,iumanim
rswinyardin@fc2.com,yOZqN0rLZkzE,doferrisin
gshirtliffio@wsj.com,pM6hd84enK,jcrackerio
rmccorleyip@booking.com,smwk7rLcxeXE,wwhatfordip
sthresheriq@shutterfly.com,jiCTcmCFTMl,tgatusiq
akorneichukir@prweb.com,2Dahr3G9pd4c,nblaslir
nbroomeis@tinyurl.com,bxyVs628fZ,akitchinghanis
mchallinorit@yahoo.com,C4XiIUpKV,evivyanit
dclemoniu@live.com,L9FSosA9T3T,csandwickiu
arosenfeltiv@cnbc.com,OLu6YwZB,ahellieriv
jblatchfordiw@booking.com,fuiMOiba0,dkealyiw
ptopix@alibaba.com,MHrBTA7fIby,bholwellix
rcreeboiy@wix.com,vMgMX1Y7g,fplumbiy
mpflegeriz@nydailynews.com,70m8g3A,wmilbyiz
rlabbetj0@nsw.gov.au,i8gINberArZn,troebuckj0
dcaretj1@webs.com,OBAZtOr,mbolsoverj1
dcolleyj2@omniture.com,LxajFik5iiUz,rfanthamj2
kternaultj3@lulu.com,KAoVvF2sL,abauserj3
dfulleylovej4@dmoz.org,MTzo8PWx,gmatthisj4
hsissej5@indiatimes.com,7Xo99dTX7,eivakinj5
asharramj6@yolasite.com,0GwTyeWO,osargeauntj6
rkimbroughj7@meetup.com,yPavWMAYtR,jlowniej7
mcurmij8@rakuten.co.jp,oEPfCVUwU,mgatherellj8
jmityushinj9@tripadvisor.com,T9c2pAf2,eleebeterj9
brobynsja@fc2.com,885yijq7DAh3,hdinsaleja
rcalvenjb@craigslist.org,jrfSsHnpC,mbeahanjb
tpennycuickjc@paginegialle.it,YM8CToEXaRo,dcrouchjc
wwilborejd@barnesandnoble.com,nWLoCZ0,cdegoixjd
ymeldrumje@360.cn,cjbM4vsKt,jraffonje
lrudalljf@shutterfly.com,UkdieGPihLy,jlavignejf
nmarietonjg@sitemeter.com,J915dKYIm,bcapitanojg
godelljh@live.com,8fBSCN00jb,lkyngejh
jeplateji@ibm.com,mXgnBFYAW,rwernyji
bsandisonjj@phoca.cz,4SW65Gj,dansteyjj
kspadonijk@soundcloud.com,Cbo8Tv7nz,cwinchurstjk
dkosejl@t.co,gPwHWTr8aCI,akeyseljl
twiltshearjm@webs.com,QyfBwb1QXFTL,hpettifordjm
kleflemingjn@bluehost.com,knEUHABJK,tjaycoxjn
oklimashevichjo@usgs.gov,9zubhnqF,amacauleyjo
kdunkleyjp@hugedomains.com,N0aQMwt1WyKT,hmcgrailjp
charbarjq@histats.com,luptIykH4XJ,ecosinsjq
mcosslettjr@cyberchimps.com,2DtNnKX3O,rmartinollijr
ctabourierjs@t.co,4tHNG2HUe2,qquinceyjs
dhaggatajt@istockphoto.com,shRAb8D6lQd,mincognajt
lbythewayju@g.co,AuCPkGp0,mguyetju
bwallerbridgejv@ucoz.com,iWk1kMc7,lbartlomiejczykjv
mstovenjw@dedecms.com,HTiZ8Pp,sbaigriejw
ejeannaudjx@gizmodo.com,NOZzN5MqIqQ,alehrmannjx
ddeclerkjy@vkontakte.ru,A0XYC1WcB1rB,ppentonyjy
ismeathjz@networkadvertising.org,I63IWa,rpassojz
aolenchenkok0@wisc.edu,0b2D0sVpp,fsemensk0
jleverettek1@wisc.edu,1oWp8N3jWXF,ahelink1
nparkinsonk2@geocities.com,7El3vnk2iN5Z,csouthbyk2
fcokelyk3@cpanel.net,khHzkjp,mpentink3
dwartonk4@uol.com.br,oveTbNN73,ocossork4
fcolenuttk5@blinklist.com,CTh2pUfRVJ,dchevinsk5
dsonghurstk6@nasa.gov,hBEnhqjRl8b,dtankusk6
njohnikink7@dot.gov,9w3t91EoOOH8,kevettsk7
marnowiczk8@canalblog.com,l9fHTzABj,mwarbysk8
ablesingk9@360.cn,gCvF5q,jseakk9
ssproulka@pcworld.com,eoJEu8i,khardsonka
asherrellkb@moonfruit.com,4i88ECCrK,ttobinkb
jkermathkc@1688.com,PtOs2cUf1y,htisonkc
tpoekd@google.es,f3WvEolgVl,mblessedkd
sbrigdaleke@sogou.com,MIuMli7N2wfc,adannettke
bbremleykf@w3.org,ma1eTWg4,gneeshamkf
cskirvanekg@blinklist.com,AUTJOoZu9AC,lhellingkg
mlittrickkh@seesaa.net,fHEF5wGfj,rjosephskh
dphilipsohnki@sogou.com,t0gLditG,dtourneki
djonssonkj@noaa.gov,fUmfQpKW1iKX,glambdeankj
mmixworthykk@nifty.com,6RNb5rgRNq1u,eanderschkk
cbottinellikl@amazon.com,Hx7cvUmPm,aolivetikl
bjewisskm@discuz.net,DNNEIXcJZ,cboormankm
mcartmankn@cmu.edu,wBixhyU,dbonnellkn
kcoppledikeko@forbes.com,QpXGSNCBq2,jellingsko
dgierckekp@google.co.uk,Z4vaJpHM0clP,eolivarikp
bsangkq@tripadvisor.com,cbBFzWqoECe8,joferkq
kmustookr@twitter.com,M3kocrI,sandragkr
thallerks@drupal.org,S8FLR0L,lbrahanks
jstonebridgekt@google.com.hk,YpJ5Vf,kbeddokt
rgeakeku@ezinearticles.com,WCCamaW,skynsonku
rbaikekv@youtube.com,yrVPOAE,jjoskovitchkv
jleitchekw@sakura.ne.jp,KgwMRL,dhayfordkw
lkrierkx@wikia.com,9SvRK1mxi6kZ,yoakenfordkx
cwoganky@sitemeter.com,eOhDWoZgPtE,abartlomiejczykky
rocannankz@dailymail.co.uk,wPWMJMfjN3,hcluneykz
kgoodanewl0@lulu.com,Tui11eF,channawayl0
giacovol1@nih.gov,DFEmQ4h,enormavilll1
erapol2@si.edu,ysszufJMe,wreddingsl2
cmccawl3@illinois.edu,h8Xdi7Rn,rcoltartl3
emckennal4@ehow.com,PnpXgDfaDD0,cwegnerl4
fkeatl5@dedecms.com,vObwMHbjcp,nmclenaghanl5
mkeemerl6@weebly.com,5MFva6gnl55,kgaunsonl6
tewbanckl7@macromedia.com,cFuZcC,lkynvinl7
wpanchinl8@senate.gov,FEj3J0l,zcracoel8
csingersl9@who.int,GXanJw,stissierl9
scrothersla@friendfeed.com,R0vDtsC2M,dwyperla
hjeggolb@springer.com,qfWvypV,hjillislb
sgrimmerlc@a8.net,gpgNiFxjfLCr,mfarrelc
afehnerld@xing.com,fhBtQ3iLU,culrikld
mlavinle@typepad.com,a9m3Fnh,eraithbyle
bbonifaziolf@furl.net,hQGUeqz,ghunnicotlf
akaretlg@tripadvisor.com,2AoAr6jU0G9y,mdemeyerlg
tjillittlh@pinterest.com,8VzF8EDBLd,djenteaulh
mhechlinli@wp.com,uOSrRYTYY,ablackmanli
kwiltshierlj@bravesites.com,1eUGYswgpOn,jraikeslj
tbunninglk@hatena.ne.jp,UsoRfxaJBp,gpulhosterlk
jmckechniell@usatoday.com,fzk7MHmV,mcamoysll
taxtenlm@slashdot.org,cvo5TcnUQD,mfeeleylm
kleyreln@bravesites.com,dnk1mbsKqfn,jvandeveldeln
ahartmannlo@yale.edu,sfsBAI3TNMO,zchishulllo
lmiramslp@forbes.com,8nGOGshe,lheininglp
semberylq@yellowbook.com,U0fo55K,ibaumlerlq
lbreakwelllr@nih.gov,BEyHjg,ndaniaulr
kfeyerls@sciencedaily.com,u5Tokw3Xxl,cgibbiels
wpenwrightlt@nytimes.com,mZIIqsDUV2O5,bhousonlt
aebankslu@constantcontact.com,G55x50UMp,rnormavilllu
cleylandlv@walmart.com,FOmsuybvbaYK,eyelelv
rdeliaslw@alexa.com,YCORZSEvKCh,pnapolitanolw
bthumannlx@gizmodo.com,n736Yd8Ga,iizzatlx
cfugely@elpais.com,xsqGHUqXSZq,mwaistellly
bbellinghamlz@nba.com,vsXh9sPdJ9,scordeirolz
ccastagnem0@google.com,QptH9pPy,rmcgawnm0
cdaethm1@examiner.com,x7lWeGE,mpowneym1
qpantonm2@mail.ru,6drQ0ZN,psibyllam2
astorrem3@fastcompany.com,MlnL5ser,ttroilletm3
rconnerm4@hatena.ne.jp,f704XcIixK,pmoorem4
rloramm5@tinypic.com,oJqJUjcAgSi9,eabramovicm5
badsheadm6@youtube.com,fVMEgu,pdrewettm6
lalexism7@instagram.com,7hyfAH,jmeatcherm7
bwickmanm8@time.com,Wb8BTdb3jhw,cwhitfordm8
hhorribinem9@mit.edu,NYxlf9nXGMW,araybouldm9
agehringma@pbs.org,Gv3Ju3TVou,dolexama
fbeachampmb@engadget.com,WIuFxiNWec,mcastlemanmb
aquinetmc@digg.com,Fz4AGV4I,ceteenmc
gkemberymd@google.nl,hjGtyXu,ugoodnowmd
bcroxleyme@godaddy.com,W9j5DymRb,iwigmoreme
syakobmf@mozilla.com,NaiqOxCd,carnoldimf
bdobellmg@squidoo.com,2xSGhjOj,rrichingsmg
blearoidmh@wikimedia.org,OfxyvGXNYVn,saldcornemh
bcoppeardmi@ow.ly,mIQ96rjEGq,nmaceveleymi
cwoodwinmj@cloudflare.com,OrAOiD5FLURA,tgadiemj
mvooghtmk@ycombinator.com,RAyTEoWyL,gledingtonmk
bkimberml@addthis.com,d3C6xMu,ewerritml
mnisardmm@yale.edu,neinogtMtDc,rjagoemm
gdurstonmn@timesonline.co.uk,KFC80VuWt9dC,gjanusikmn
mdauneymo@pbs.org,Qer92E2,fnonomo
lmussingtonmp@etsy.com,SSEMo7P,mclevelandmp
jrashmq@prlog.org,BC3GHA,yadvanimq
sverrechiamr@networkadvertising.org,iaaXTdXT,mlumblymr
datleems@amazon.com,jWL83VB,yradinms
hferschkemt@google.it,SX5KgS,srockmt
sjaniakmu@bizjournals.com,ctAG233a,eiacovolomu
edjokicmv@state.gov,5EUtoEskS,dboutsmv
eburnappmw@ca.gov,soXZXXoq,druddiforthmw
cdosdellmx@tumblr.com,e9xAktQebi6,pchildrenmx
gduddlemy@fc2.com,MW0osinfH0,fcrombmy
cgirardymz@taobao.com,XHxtwmqeQ,srundallmz
esouthcombn0@addthis.com,C7eZC3xyd,apypern0
gkightlyn1@telegraph.co.uk,bwsDg9WMz,scardiffn1
wlipmann2@cyberchimps.com,nGzZwMKiBLu,dmolandn2
rpeersn3@reference.com,2WLqMr,mkristoffersenn3
gtiddemann4@dailymotion.com,q3UGEQapCxe,sstanyann4
mpoundsfordn5@studiopress.com,MQr35pnMCfKn,tcatletten5
mdeguerren6@cbslocal.com,A3NNEslOBj5,blevensn6
dmckerlien7@sogou.com,lyN5ddt,wmustilln7
rbackshalln8@disqus.com,uXy7lY,cthomkinsn8
mclearn9@tinyurl.com,PM4G30ED,fmallabonn9
rsnooksna@twitpic.com,bdRiITb,jlanglandna
mrashnb@cmu.edu,5z5AMf,jjacqueminotnb
mseync@bloglines.com,30Bizz88pAE,dgentschnc
ivernallsnd@amazon.co.jp,JqWxIiD,ddunlopnd
cjillsne@tripod.com,lZGFZJQ56c,ajacobine
vscoularnf@blogger.com,Tgt5J7Z3TiD,gswitsurnf
fwinscumng@parallels.com,pNBSUVChv,vhalwellng
wformillinh@usa.gov,6kiHUI2g78J,rsowmannh
tpachtani@illinois.edu,N78ZmkegoDV3,ccaudellni
owatkissnj@trellian.com,mZAqJYV4aLUg,peckhardnj
jcampank@cnn.com,kENYG2jl7,asunshinenk
gtibbettsnl@va.gov,frZfj6AWQW,vcherringtonnl
hshirtnm@mapquest.com,wgOeCGWQA5p,jgadienm
rlowingsnn@google.de,MVMO2fX8k,fbarhamsnn
sharriotno@odnoklassniki.ru,ID40tYg,aygoeno
bgrinyovnp@newsvine.com,FWG8Xj5hv5,nvaltinp
rohoolahannq@a8.net,am71RXxx,swillsmorenq
mborthramnr@nymag.com,hezFpW,skeppienr
jmctrusteyns@wordpress.com,3r6TxozzdXso,msouthersns
gkabosnt@telegraph.co.uk,hGpMhjdAhc3r,lmavennt
cgrattagenu@bigcartel.com,utWC5IZoR,kpreedynu
ksantarellinv@youtube.com,xV6HuRhdla,abeekmannnv
adinegesnw@studiopress.com,ULh9uEa,cbulmernw
lwhawellnx@cnn.com,lSTjWFYf,cgaithernx
jdonatny@mac.com,B8R7qX0i5w,dselwyneny
halgernz@columbia.edu,Ozvw7F,bwickennz
taberkirdoo0@bing.com,7l5SRp,adudleyo0
lmcclementso1@csmonitor.com,qbG2isGY8,ltandero1
mgremaino2@mozilla.org,su4OvYbRX,scossumo2
ngritskovo3@wikispaces.com,sZYTNfK5aNU,twhitechurcho3
fhaggertyo4@exblog.jp,ssXn86,bfoystono4
twogano5@meetup.com,k8jdRrRQ1yu,gmceloryo5
bsandlando6@omniture.com,0tNHcUTl153k,cbourgeto6
csummerbello7@patch.com,LqDlUtQ,ecasinoo7
kmchaleo8@marriott.com,qWXViieiDi1X,lgrinstono8
bcrasfordo9@theatlantic.com,HwJiPme2,vvallentino9
jkayseroa@vinaora.com,HCGJNVPN,bdenisckeoa
lmccombeob@about.com,0UrTendFOa,msibbsonob
hwhellansoc@drupal.org,TYYdoMA,kroparsoc
haveriesod@boston.com,Tvl6dhYlOqm,lprocterod
tberstonoe@php.net,c346nvcbIJ2U,aliesoe
garnowof@themeforest.net,jbnmpV0iFs3,sblighof
wjosovitzog@google.com,tGnOPK,ddonizeauog
tminichioh@amazon.co.jp,Jz90IkG5fY,hlibreyoh
mcordieoi@furl.net,3dgjKv3q,odommerqueoi
vstearsoj@mashable.com,dxl50RF,eambroisinoj
tchicottiok@google.nl,cAvc4CPB,nmouseok
fchestersol@mapy.cz,JcVap0yvf,zcissonol
gcanfieldom@admin.ch,c1765bM,cspireom
shansonon@nydailynews.com,Zq754SHu,kgranvilleon
ralburyoo@a8.net,H4ZzZAylfKbR,gchalklyoo
aclawsonop@netscape.com,Tlp50i,vfaringtonop
clynnoq@pbs.org,HZbPM6p3,mbiaggellioq
tdutteridgeor@paypal.com,RTQWPstgkQ,abettamor
hhatcheros@cocolog-nifty.com,iqCFe3ybC,ahuckerbyos
ehumblestoneot@foxnews.com,JPl2BlUxq0,xcockettot
acowdenou@state.tx.us,bdWEDVw3ncO9,durionou
mpaolinoov@economist.com,sM6OKztKQ,ldockerov
ibeckow@whitehouse.gov,rd1XiiIqC,pleggateow
amallanox@surveymonkey.com,zNbNGiJJzNrF,btowseyox
ecristofvaooy@topsy.com,XgAAJvFe,zfencottoy
bmcgrailoz@hexun.com,C4FIsFmk6,bbigbyoz
pmeenehanp0@plala.or.jp,9lVkSD7f,alafayettep0
zkimberlyp1@biblegateway.com,7jvEhrm,sbradiep1
jgladdisp2@newyorker.com,5qYrg5z0vEeP,bmethingamp2
nbinnyp3@walmart.com,xQbYSb,jroskelleyp3
psennerp4@geocities.jp,Gv5PGFeBPKR,mbernettep4
kgrafomp5@addtoany.com,AlDb3tTXLY06,tkirimaap5
dpignep6@wufoo.com,HbxZM1T,rmundyp6
aaberkirdop7@fema.gov,E0djual7,gharfootp7
akimblyp8@wordpress.com,bC2zbNWx,jkettoep8
dmargeryp9@weibo.com,hUDKt43,oshackletonp9
ascallypa@example.com,GDT42UJvrex,abutlerbowdonpa
sletcherpb@nymag.com,ivdFHOxRlsv,mcarouspb
lbeautymanpc@va.gov,4KLAfU35OA,rbeggspc
tlubbockpd@msn.com,QBshI6oG,abatallepd
skainzpe@chronoengine.com,dkTMpiqe,srandalspe
ptopespf@netscape.com,ZmblCgwV1oUf,sbrumptonpf
hmcmichellpg@seattletimes.com,y2xilX6,aschultespg
rspringettph@msn.com,K7icApszLq1I,oclifforthph
ccoffeepi@skyrock.com,9kLhrFQ3LLYB,mwelmanpi
dwiburnpj@admin.ch,geQF7Hvwyzc,ericardopj
mclemenconpk@cmu.edu,n6Gikc,cbattanypk
kgirathspl@indiatimes.com,uPTFDkkSPNH,cmernerpl
jgoggenpm@paypal.com,pBT6ESbHerdl,mellsburypm
poverstallpn@flickr.com,djLEAfs,ltargettpn
amacianpo@army.mil,15CVFTnF76L,rkellerpo
vgrestyepp@nyu.edu,PsVNm8k1Nx,cdennerlypp
mvanmerwepq@china.com.cn,7nyLIh,ftorricinapq
gkingerbypr@163.com,DXNHtr,vgommespr
chayseyps@hostgator.com,v4sjbEGOh,hygops
klisamorept@indiegogo.com,0QfJB094Dy,ringerpt
sburnippu@tuttocitta.it,zIEUeCWk,cflintoffpu
pgrishaevpv@npr.org,apte1M3kMt,nhenfrepv
cconerspw@behance.net,rckhntAB,dtullotpw
nsaundercockpx@google.ca,J4PqkGaT,wortzenpx
lfairneypy@creativecommons.org,EXUn2hwrI,egwilliamspy
dbaillespz@umn.edu,cDvDRHPHw4f,tsunnerpz
kkeniwellq0@amazonaws.com,EKleKpU9gM,nkopelmanq0
bgeereq1@hexun.com,NQ8reuVo1O,krooq1
gaikinq2@imgur.com,LPCCoKY,dmakiverq2
dantonikq3@gmpg.org,Y9b87R7Qv,mchastneyq3
fboyntonq4@ihg.com,gfWFZDZN,askillernq4
swellumq5@lulu.com,xBFVaLrO5U14,kwannesq5
soruaneq6@edublogs.org,eTQ0HA,tcomiq6
rjorckeq7@com.com,hYKAbRDu,wgowmanq7
adulyq8@huffingtonpost.com,p41IWMI,wnipperq8
oavrahamofq9@a8.net,ttEePmW1,tmoscropq9
emasseiqa@harvard.edu,Hpge67Sau5hO,aalyoshinqa
cspitaroqb@elegantthemes.com,pFc9MvY,dchidlowqb
aspilsburieqc@unblog.fr,D8KGys6qbz,mflewqc
vzapleqd@time.com,KqmWuUuAu,krohfsenqd
dkyleqe@sohu.com,nBXsnFhL,iabbottqe
rbeardqf@chicagotribune.com,Tr7ZV61Nr,elaityqf
tcordeletqg@vistaprint.com,NGIlYUx1V,qashmoreqg
aclacqh@netvibes.com,cNYPJuJoX,shouseagoqh
kjeroschqi@istockphoto.com,j1LXMyn23r,esainthillqi
jredwallqj@tripadvisor.com,rMhL5Mpw2few,kozintsevqj
ccawsqk@europa.eu,Qz8ERrL,awoosnamqk
tglasspooleql@about.com,okIUmJC,scarvillaql
bgiovannacciqm@cloudflare.com,vLOGGbTu,khedylstoneqm
kswansonqn@github.io,MC0ZNHHbVf7,dchaterqn
lbrealeyqo@hao123.com,5kdZ1H2j,fswitsurqo
abritlandqp@live.com,Z10vBsB2FbfB,lbraidwoodqp
swilshereqq@behance.net,UeqRw0cNL97,fgilbyqq
lbroadstockqr@list-manage.com,aJfLtYjBkuo,bfolderqr
ccoughqs@addtoany.com,3gKDaXVty,kjicklesqs
mpashenqt@narod.ru,TfMn7cM62,atanswellqt
vdunlapqu@furl.net,rrCRK0ce,tlandsboroughqu
rderisleyqv@issuu.com,G04nlkgwO0,eorrinqv
ebrameqw@mtv.com,6WYHHH,rcarmeqw
cbosdetqx@weibo.com,u26aO1L2tMp,dmcgarvieqx
tvoiseyqy@wikimedia.org,S2593859q3H2,mmathysqy
nkillbeyqz@archive.org,1MmVGOBJ8G,dmartignonqz
dbaggalleyr0@vkontakte.ru,5RvVmVi,mrowlesr0
msewterr1@ask.com,CHKpWo,eharrier1
lpardonr2@dot.gov,d8pTZI5RgfKG,mmcalindonr2
imocherr3@arizona.edu,j9eMACid5tu,lgilesr3
bpuckerr4@tuttocitta.it,E9NOflOy,dpatryr4
mcarmichaelr5@ucla.edu,udkC352Lao,rsleenyr5
kwildberr6@bbb.org,0ZmUmJYY1g,fmaccrackanr6
sbottonr7@prweb.com,b0ovXzo,dloughnanr7
bsowmanr8@github.io,0HciZizsTIJk,hshorbrookr8
lsabeyr9@yellowpages.com,KFul7flT,nwentworthr9
rwoodhamsra@ed.gov,mzXsZOPpOt,ftilfordra
tenzleyrb@exblog.jp,PvOk5CZ4,okunathrb
wlamsheadrc@prlog.org,XxuTz4ub,slabbezrc
jdobyrd@flickr.com,O5jzBr,iwailesrd
amounsiere@amazon.com,U5avU0W1,dculmerre
mshakesbyrf@shutterfly.com,kuySGn,mrainsburyrf
dcussonsrg@webeden.co.uk,ay3gxX9o5V,itatersalerg
ezoephelrh@smh.com.au,jN6yClCjU5tS,hsanneyrh
ldunbarri@angelfire.com,UCkoXEC25gL,mmacquistri
cgerauldrj@123-reg.co.uk,CdYUgENPlMp,dswalwellrj
hcogginsrk@baidu.com,ZBelpS0,mbillinrk
ctuffreyrl@cdc.gov,rOjZoJ1gWmw,aackenheadrl
oextallrm@jugem.jp,kd1BUoeI,bmorandorm
rpetherrn@fema.gov,bWSTs8afW8,dcawrn
qcrothersro@comsenz.com,0ORl38SVBye6,bradbandro
hwibrewrp@omniture.com,Zn9qQMnHt2,cheathcoterp
ehattoerq@ning.com,U9IfKq,astiverq
cskentelburyrr@hud.gov,IS9YZE5h,nwhelptonrr